Mrk334         ; 0; 3; 9.6038;+;21;57;36.8064; 0.0219450;  96.600;29;S1.8 ; ;     ; ;  ; ;41.16; ;41.09; ;41.22;     ;     ;  ;UGC00006          ;
Mrk938         ; 0;11; 6.5412;-;12; 6;27.6624; 0.0196170;        ;  ;S2   ; ;42.33;N;25;<;40.24;<;39.47;<;39.72;     ;     ;  ;NGC17, NGC34      ;
IRAS00182-7112 ; 0;20;34.7210;-;70;55;26.2488; 0.3269990;        ;  ;S2   ; ;43.90;Y;44;<;41.63;<;41.82;<;42.06;     ;     ;  ;                  ;
IRAS00198-7926 ; 0;21;53.6141;-;79;10; 7.9572; 0.0728000;        ;  ;S2   ; ;     ; ;  ; ;42.17; ;42.13; ;42.60;     ;     ;  ;LEDA089877        ;
NGC185         ; 0;38;57.8837;+;48;20;14.6616;-0.0006740;   0.658;34;S2   ;<;35.92; ;26; ;     ; ;     ; ;     ;     ;     ;  ;UGC00396          ;
ESO012-G21     ; 0;40;46.1371;-;79;14;24.3204; 0.0328390;        ;  ;S1.5 ; ;43.07;N;17; ;40.86; ;41.02; ;41.56;     ;     ;  ;IRAS00392-7930    ;
Mrk348         ; 0;48;47.1468;+;31;57;25.1280; 0.0150340;        ;  ;S1h  ; ;42.89;N; 1; ;40.43; ;40.36; ;40.91;     ;     ;  ;NGC262            ;
IZw1           ; 0;53;34.9236;+;12;41;35.9232; 0.0612000;        ;  ;S1n  ; ;43.76;N; 6; ;41.58;<;41.05; ;41.87;     ;     ;  ;UGC00545          ;
IRAS00521-7054 ; 0;53;56.2310;-;70;38; 4.2216; 0.0689000;        ;  ;S1h  ; ;43.59;N;59; ;41.79; ;41.41; ;41.96;     ;     ;  ;LEDA089511        ;
ESO541-IG12    ; 1; 2;17.3818;-;19;40; 8.6556; 0.0565520;        ;  ;S2   ; ;     ; ;  ; ;41.19; ;40.91; ;41.54;     ;     ;  ;IRAS00598-1956    ;
IRAS01003-2238 ; 1; 2;49.9894;-;22;21;57.2616; 0.1178350;        ;  ;S2   ; ;41.78;N;60;<;41.00;<;41.00;<;41.00;     ;     ;  ;                  ;
NGC454E        ; 1;14;24.9300;-;55;23;49.2936; 0.0121580;        ;  ;S2   ; ;42.40;N;34; ;40.05; ;40.23; ;40.68;     ;     ;  ;                  ;
IRAS01364-1042 ; 1;38;52.8629;-;10;27;11.5848; 0.0482470;        ;  ;LIN  ; ;41.00; ;28; ;     ; ;     ; ;41.61;     ;     ;  ;LEDA101303        ;
IIIZw35        ; 1;44;30.5400;+;17; 6; 8.8056; 0.0274360;        ;  ;S2   ; ;40.05;Y;19;<;39.86;<;40.78;<;40.75;     ;     ;  ;IRASF01417+1651   ;
Mrk1014        ; 1;59;50.2483;+; 0;23;40.7436; 0.1631100;        ;  ;S1.5 ; ;43.95;N;60; ;42.70; ;42.53; ;42.94;     ;     ;  ;IRAS01572+0009    ;
NGC788         ; 2; 1; 6.4567;-; 6;48;57.1284; 0.0136030;        ;  ;S1h  ; ;42.81;N;54; ;40.31; ;40.52; ;40.96;     ;     ;  ;MCG-01-06-025     ;
Mrk590         ; 2;14;33.5640;-; 0;46; 0.2568; 0.0263850;  95.200;36;S1.0 ; ;43.49;N;57; ;40.12;<;40.00; ;40.50;     ;     ;  ;NGC863            ;
IC1816         ; 2;31;50.9863;-;36;40;19.5312; 0.0169450;        ;  ;S2   ; ;     ; ;  ; ;40.57; ;40.41; ;40.99;     ;     ;  ;ESO355-G25        ;
NGC973         ; 2;34;20.1233;+;32;30;20.4912; 0.0161950;  63.100;27;S2   ; ;42.68;N;53; ;39.99; ;40.18; ;40.83;     ;     ;  ;UGC02048          ;
NGC1068        ; 2;42;40.7071;-; 0; 0;48.0204; 0.0037930;  10.100;18;S1h  ; ;40.79;Y;11; ;41.04; ;41.00; ;41.39;0.890;0.040;13;M77               ;
NGC1097        ; 2;46;18.9775;-;30;16;28.9344; 0.0042400;  14.200;18;LINb ; ;40.80;N;21;<;38.35;<;38.75; ;39.17;1.120;0.030;13;ESO416-G20        ;
NGC1144        ; 2;55;12.2162;-; 0;11; 0.7944; 0.0288470;        ;  ;S2   ; ;42.71; ;45; ;40.21; ;40.50; ;40.97;     ;     ;  ;NGC1142           ;
Mrk1066        ; 2;59;58.5960;+;36;49;13.7172; 0.0120250;  51.600;29;S2   ; ;42.90;Y;21; ;40.47; ;40.49; ;41.12;0.710;     ; 3;UGC02456          ;
Mrk1073        ; 3;15; 1.4347;+;42; 2; 8.9124; 0.0233430;        ;  ;S2   ; ;     ; ;  ; ;41.55; ;41.60; ;42.20;     ;     ;  ;UGC02608          ;
NGC1266        ; 3;16; 0.7435;-; 2;25;38.6292; 0.0072380;        ;  ;LIN  ; ;     ; ;  ;<;38.93;<;39.49;<;39.85;0.400;     ; 8;MCG-01-09-023     ;
NGC1275        ; 3;19;48.1524;+;41;30;42.1452; 0.0175590;  68.900;29;S1.5 ; ;42.83;N;46;<;39.82;<;40.24; ;40.60;     ;     ;  ;3C84, Perseus A   ;
Mrk609         ; 3;25;25.3747;-; 6; 8;37.9932; 0.0344880;        ;  ;S1.8 ; ;42.54;N;32; ;40.99;<;40.44; ;41.32;0.850;     ; 3;IRAS03229-0618    ;
NGC1365        ; 3;33;36.3828;-;36; 8;25.7136; 0.0054570;  17.500;18;S1.8 ; ;41.99; ;33; ;39.85; ;40.55; ;41.13;0.890;0.040;13;ESO358-G17        ;
NGC1386        ; 3;36;46.2043;-;35;59;57.2964; 0.0028950;  15.300;12;S1h  ; ;41.60;Y;21; ;39.99; ;39.99; ;40.47;1.500;0.500;15;ESO358-G35        ;
IRAS03450+0055 ; 3;47;40.1952;+; 1; 5;13.9992; 0.0310000;  90.400;36;S1.5 ; ;     ; ;  ;<;40.16;<;40.26; ;40.39;     ;     ;  ;                  ;
IRAS04103-2838 ; 4;12;19.4510;-;28;30;24.9876; 0.1174640;        ;  ;LIN  ; ;42.04;N;60; ;41.92; ;42.01; ;42.15;     ;     ;  ;LEDA097515        ;
ESO420-G13     ; 4;13;49.6872;-;32; 0;25.0884; 0.0119080;        ;  ;S2   ; ;     ; ;  ; ;40.53; ;40.66; ;41.17;     ;     ;  ;MCG-05-11-006     ;
3C120          ; 4;33;11.0940;+; 5;21;15.7104; 0.0330100;        ;  ;S1.5 ; ;44.04;N;57; ;41.58; ;41.83; ;42.45;     ;     ;  ;Mrk1506           ;
MCG-05-12-006  ; 4;52; 4.9634;-;32;59;25.7352; 0.0187530;        ;  ;LIN  ; ;     ; ;  ;<;39.84; ;     ;<;40.28;     ;     ;  ;IRAS04501-3304    ;
IRAS05024-1941 ; 5; 4;36.5395;-;19;37; 3.1332; 0.1920000;        ;  ;S2   ; ;42.60;N;62; ;41.03; ;41.51; ;41.60;     ;     ;  ;LEDA2816449       ;
Zw468.002NED01 ; 5; 8;19.6894;+;17;21;48.1356; 0.0175050;        ;  ;S2   ; ;     ; ;  ; ;40.19; ;     ; ;40.76;     ;     ;  ;CGCG468-002W      ;
Zw468.002NED02 ; 5; 8;21.2146;+;17;22; 8.0400; 0.0168420;        ;  ;S2   ; ;     ; ;  ;<;39.71; ;     ;<;40.07;     ;     ;  ;CGCG468-002E      ;
IRAS05189-2524 ; 5;21; 1.3966;-;25;21;45.2772; 0.0425630;        ;  ;S1h  ; ;43.25; ;61; ;41.70; ;41.59; ;42.01;     ;     ;  ;                  ;
NGC1961        ; 5;42; 4.6459;+;69;22;42.4704; 0.0131220;  63.200;33;LIN  ; ;40.31; ;26;<;39.28; ;     ; ;39.47;     ;     ;  ;IC2133            ;
UGC3351        ; 5;45;47.8942;+;58;42; 3.9312; 0.0148600;  48.800;27;S2   ; ;     ; ;  ;<;39.46; ;     ; ;39.61;     ;     ;  ;MCG+10-09-002     ;
ESO005-G04     ; 6; 5;41.3597;-;86;37;54.1956; 0.0062280;  24.200;27;S2   ; ;41.90;Y;21; ;38.54;<;38.54; ;39.50;     ;     ;  ;IRAS06220-8636    ;
Mrk3           ; 6;15;36.4104;+;71; 2;14.9388; 0.0135090;  57.900;29;S1h  ; ;42.42;Y;10; ;41.40; ;41.39; ;41.90;1.150;     ; 3;UGC03426          ;
IRASF06361-6217; 6;36;35.8613;-;62;20;33.5436; 0.1595970;        ;  ;LIN  ; ;     ; ;  ;<;41.15;<;41.64;<;41.62;     ;     ;  ;                  ;
Mrk620         ; 6;50; 8.6539;+;60;50;44.7936; 0.0061380;  28.900;29;S1h  ; ;     ; ;  ; ;39.68; ;     ; ;     ;     ;     ;  ;NGC2273           ;
IRAS07027-6011 ; 7; 3;24.2563;-;60;15;22.4136; 0.0313220;        ;  ;S2   ; ;     ; ;  ; ;40.69;<;40.94; ;40.99;     ;     ;  ;AM0702-601N       ;
AM0702-601NED02; 7; 3;28.6291;-;60;16;44.3568; 0.0311050;        ;  ;S2   ; ;     ; ;  ;<;40.10;<;40.39;<;40.34;     ;     ;  ;AM0702-601S       ;
Mrk9           ; 7;36;57.0348;+;58;46;13.4724; 0.0398740;        ;  ;S1.5 ; ;43.28;N;68; ;40.88; ;40.88; ;41.28;     ;     ;  ;CGCG286-036       ;
IRAS07598+6508 ; 8; 4;30.4843;+;64;59;52.6668; 0.1483000;        ;  ;S1.0 ; ;41.75;N;27;<;41.61;<;42.22;<;42.00;     ;     ;  ;                  ;
Mrk622         ; 8; 7;41.0030;+;39; 0;15.2424; 0.0232290;        ;  ;S2   ; ;     ; ;  ;<;40.63;<;40.53;<;40.63;1.000;     ; 3;UGC4229           ;
IRAS08311-2459 ; 8;33;20.5961;-;25; 9;33.8220; 0.1004490;        ;  ;S1h  ; ;     ; ;  ; ;42.46; ;42.37; ;42.79;     ;     ;  ;                  ;
IRAS09104+4109 ; 9;13;45.4591;+;40;56;28.2516; 0.4421980;        ;  ;S2   ; ;44.90;N;49; ;     ; ;     ; ;     ;     ;     ;  ;                  ;
3C218          ; 9;18; 5.6477;-;12; 5;43.5552; 0.0538410;        ;  ;LIN  ; ;42.15;N;19; ;     ; ;     ; ;40.80;     ;     ;  ;Hydra A           ;
MCG-01-24-012  ; 9;20;46.2653;-; 8; 3;21.9564; 0.0196440;        ;  ;S2   ; ;43.45;N;57; ;40.37; ;40.27; ;40.91;     ;     ;  ;IRAS09182-0750    ;
NGC2841        ; 9;22; 2.6906;+;50;58;35.6232; 0.0021280;  17.000;13;LIN  ; ;39.50;N;19;<;38.14;<;38.03; ;38.38;2.000;0.400;13;UGC04966          ;
Mrk705         ; 9;26; 3.2729;+;12;44; 3.8616; 0.0291510;        ;  ;S1.2 ; ;43.41;N;58; ;40.73; ;40.53; ;41.01;     ;     ;  ;UGC05025          ;
UGC5101        ; 9;35;51.5976;+;61;21;11.7072; 0.0393670;        ;  ;S1   ; ;42.15;Y;19; ;40.93; ;40.97; ;41.39;2.710;0.710;18;MCG+10-14-025     ;
IRAS09413+4843 ; 9;44;42.2263;+;48;29;16.6308; 0.0553030;        ;  ;S2   ; ;     ; ;  ; ;41.42; ;41.22; ;41.86;     ;     ;  ;LEDA2318591       ;
NGC3031        ; 9;55;33.1582;+;69; 3;55.0512;-0.0001130;   3.630; 8;LINb ; ;40.33;N;11;<;36.90;<;37.34; ;37.85;0.780;0.040;13;M81               ;
3C234          ;10; 1;49.5324;+;28;47; 8.8836; 0.1849250;        ;  ;S1.9 ; ;44.48;N;50; ;42.32; ;42.42; ;42.90;     ;     ;  ;LEDA139234        ;
NGC3079        ;10; 1;57.8491;+;55;40;47.5752; 0.0037230;  16.500;31;LIN  ; ;42.10;Y;21;<;39.10;<;38.48; ;39.46;0.760;0.200; 4;UGC05387          ;
3C236          ;10; 6; 1.7378;+;34;54;10.4832; 0.1005000;        ;  ;LIN  ;<;42.82; ;39; ;     ; ;     ;<;40.52;     ;     ;  ;4C+35.22          ;
NGC3227        ;10;23;30.5710;+;19;51;54.2952; 0.0038590;  14.500;36;S1.5 ; ;42.02;N;57; ;39.76; ;39.65; ;40.23;0.900;0.100;13;UGC05620          ;
NGC3393        ;10;48;23.4595;-;25; 9;43.4160; 0.0125090;        ;  ;S2   ; ;42.90;Y;21; ;39.89; ;40.22; ;40.83;1.000;     ; 3;ESO501-G100       ;
NGC3516        ;11; 6;47.4667;+;72;34; 7.1364; 0.0088360;  66.100;36;S1.5 ; ;43.12;N; 6; ;40.61; ;40.73; ;41.39;     ;     ;  ;UGC06153          ;
IRAS11095-0238 ;11;12; 3.3701;-; 2;54;22.7232; 0.1066340;        ;  ;LIN  ; ;41.72;N;62;<;41.11;<;41.68;<;41.38;     ;     ;  ;LEDA125693        ;
NGC3621        ;11;18;15.8839;-;32;48;46.0584; 0.0024350;   6.760;26;S2   ; ;39.30;N;21; ;37.20; ;37.46; ;38.19;0.980;0.040;13;ESO377-G37        ;
NGC3627        ;11;20;14.9875;+;12;59;29.7528; 0.0024250;  10.100; 3;LIN  ; ;39.38;N;19; ;37.56; ;37.76; ;38.39;0.550;     ; 6;M66               ;
NGC3783        ;11;39; 1.7114;-;37;44;18.9780; 0.0097300;  38.500;30;S1.5 ; ;43.03;N;41; ;40.54; ;40.39; ;40.84;1.480;0.300; 5;ESO378-G14        ;
NGC3982        ;11;56;28.1167;+;55; 7;30.9756; 0.0036990;  21.900;22;S1.9 ; ;41.24; ;46; ;39.22; ;38.97; ;39.47;1.510;     ; 3;UGC06918          ;
NGC4051        ;12; 3; 9.6017;+;44;31;52.7484; 0.0023360;  17.600;36;S1n  ; ;41.58; ; 6; ;39.64; ;39.50; ;40.15;     ;     ;  ;UGC07030          ;
IRAS12018+1941 ;12; 4;24.5484;+;19;25;10.0236; 0.1680000;        ;  ;S2   ; ;     ; ;  ;<;41.58;<;41.95;<;42.09;     ;     ;  ;                  ;
UGC7064        ;12; 4;43.3190;+;31;10;37.8804; 0.0249970;        ;  ;S1.9 ; ;     ; ;  ; ;40.74; ;40.83; ;41.26;     ;     ;  ;MCG+05-29-005     ;
IRAS12071-0444 ;12; 9;45.1171;-; 5; 1;13.9728; 0.1283550;        ;  ;S2   ; ;41.15;N;60; ;42.06; ;42.17; ;42.42;     ;     ;  ;LEDA090164        ;
NGC4151        ;12;10;32.5812;+;39;24;21.0564; 0.0033190;  19.000;10;S1.5 ; ;43.44;N;41; ;40.51; ;40.46; ;41.02;0.820;0.220;18;UGC07166          ;
NGC4303        ;12;21;54.9247;+; 4;28;25.7520; 0.0052240;  19.300;23;LIN  ; ;39.44;N;66; ;     ; ;     ; ;     ;1.230;0.090;13;M61               ;
NGC4388        ;12;25;46.7693;+;12;39;43.2396; 0.0084190;  18.000;27;S1h  ; ;41.82;N;15; ;40.25; ;40.45; ;41.12;0.760;0.200;18;UGC07520          ;
NGC4418        ;12;26;54.6206;-; 0;52;39.4500; 0.0072680;  23.900;29;S2   ; ;     ; ;  ;<;39.72; ;     ;<;40.26;     ;     ;  ;NGC4355           ;
3C273          ;12;29; 6.6953;+; 2; 3; 8.5932; 0.1583390;        ;  ;S1.0 ; ;45.70;N;57; ;42.13;<;41.76; ;42.73;     ;     ;  ;PG1226+023        ;
NGC4486        ;12;30;49.4266;+;12;23;27.8772; 0.0042830;  16.100; 4;LIN  ; ;40.80;N;19;<;37.49;<;38.46; ;38.87;     ;     ;  ;M87               ;
NGC4507        ;12;35;36.6329;-;39;54;33.5556; 0.0118010;        ;  ;S1h  ; ;43.10;N;21; ;40.55; ;40.49; ;41.02;1.300;0.200; 5;ESO322-G29        ;
NGC4569        ;12;36;49.7950;+;13; 9;46.5588;-0.0007840;   9.860; 2;LIN  ; ;39.84;N;24;<;38.13; ;     ; ;38.61;0.780;     ; 8;M90               ;
NGC4579        ;12;37;43.5170;+;11;49; 5.7180; 0.0050600;  18.800;31;LINb ; ;41.30;N;19;<;38.58;<;38.10; ;39.16;0.710;     ; 8;M58               ;
NGC4593        ;12;39;39.4550;-; 5;20;39.0156; 0.0091000;  37.200;29;S1.0 ; ;42.79;N;41; ;39.77; ;40.21; ;40.34;1.710;0.440;18;Mrk1330           ;
NGC4594        ;12;39;59.4331;-;11;37;22.6020; 0.0034160;   8.790;14;LIN  ; ;39.91;N;19;<;37.71;<;37.82; ;38.35;0.710;     ; 8;M104, Sombrero    ;
IC3639         ;12;40;52.8415;-;36;45;21.0672; 0.0109240;        ;  ;S1h  ; ;40.23;Y;18; ;40.44; ;40.12; ;40.72;     ;     ;  ;TOL1238-364       ;
NGC4636        ;12;42;49.8550;+; 2;41;16.2996; 0.0031290;  18.600; 4;LINb ; ;39.24;N;19; ;     ; ;     ; ;     ;     ;     ;  ;UGC07878          ;
PG1244+026     ;12;46;35.2579;+; 2;22; 8.9004; 0.0481780;        ;  ;S1n  ; ;43.20;N;21; ;40.43; ;40.74; ;40.88;     ;     ;  ;IRASF12440+0238   ;
NGC4696        ;12;48;49.2569;-;41;18;39.3408; 0.0098670;  38.900;16;LIN  ; ;40.08;N;19; ;     ; ;     ; ;38.43;     ;     ;  ;ESO322-G91        ;
NGC4725        ;12;50;26.5766;+;25;30; 2.8908; 0.0040230;  13.500;25;S2   ; ;38.90;N;21;<;37.92;<;38.04; ;38.59;0.460;     ; 8;UGC07989          ;
NGC4736        ;12;50;53.0830;+;41; 7;12.7236; 0.0010270;   4.200;20;LIN  ; ;38.60;N;19;<;36.40;<;37.21; ;37.63;0.760;0.050;13;M94               ;
Mrk231         ;12;56;14.2291;+;56;52;25.2192; 0.0421710;        ;  ;S1.0 ; ;42.52; ;16;<;41.06;<;41.84;<;41.56;     ;     ;  ;UGC08058          ;
NGC4826        ;12;56;43.6519;+;21;40;59.1528; 0.0013610;   5.500;27;S2   ;<;38.40; ;26;<;37.67; ;     ; ;38.19;0.800;     ; 6;M64               ;
NGC4922        ;13; 1;24.4958;+;29;18;30.1284; 0.0235860; 104.000;29;S2   ; ;     ; ;  ; ;40.55;<;40.53; ;40.88;     ;     ;  ;KISSB113          ;
NGC4941        ;13; 4;13.1066;-; 5;33; 5.6700; 0.0036960;  19.700;29;S2   ; ;40.50; ;21; ;39.58; ;39.53; ;40.18;1.500;0.500;15;MCG-01-33-077     ;
NGC4945        ;13; 5;27.2633;-;49;28; 3.9972; 0.0018780;   3.800;17;S2   ; ;42.30;Y;21; ;38.09;<;37.56; ;38.69;0.920;0.090;14;ESO219-G24        ;
ESO323-G77     ;13; 6;26.1154;-;40;24;52.6284; 0.0150140;        ;  ;S1.2 ; ;42.88;N;29; ;40.40; ;40.46; ;41.07;     ;     ;  ;MCG-07-27-032     ;
NGC5033        ;13;13;27.4738;+;36;35;38.1192; 0.0029190;  18.800;31;S1.8 ; ;41.10;N;21; ;38.25; ;38.31; ;39.33;0.900;0.100;13;UGC08307          ;
IRAS13120-5453 ;13;15; 6.3348;-;55; 9;22.7736; 0.0307610;        ;  ;S2   ; ;     ; ;  ; ;40.53;<;41.60; ;41.11;     ;     ;  ;LEDA083853        ;
MCG-03-34-064  ;13;22;24.4668;-;16;43;42.4488; 0.0165410;  76.200;29;S1h  ; ;42.62; ;40; ;41.64; ;41.42; ;41.90;     ;     ;  ;IRAS13197-1627    ;
CentaurusA     ;13;25;27.6499;-;43; 1; 9.2424; 0.0018250;   3.420; 5;S2   ; ;42.36;N;47; ;38.49; ;38.58; ;39.26;1.250;     ; 2;NGC5128           ;
NGC5135        ;13;25;44.0494;-;29;50; 0.7080; 0.0136930;        ;  ;S2   ; ;43.10;Y;21; ;40.28; ;40.77; ;41.44;1.020;     ; 9;ESO444-G32        ;
NGC5194        ;13;29;52.7143;+;47;11;42.6588; 0.0015440;   8.430;23;LIN  ; ;40.90;Y;21; ;37.80; ;38.14; ;38.83;1.500;0.100;13;M51A              ;
MCG-06-30-015  ;13;35;53.7667;-;34;17;44.2320; 0.0077490;        ;  ;S1.5 ; ;42.63;N;41; ;39.79; ;39.96; ;40.50;     ;     ;  ;ESO383-G035       ;
IRAS13342+3932 ;13;36;24.0535;+;39;17;31.0488; 0.1793100;        ;  ;S1   ; ;     ; ;  ; ;42.46; ;42.55; ;42.94;     ;     ;  ;LEDA084036        ;
IRAS13349+2438 ;13;37;18.7135;+;24;23; 3.1776; 0.1076410;        ;  ;S1n  ; ;43.88;N; 6;<;41.38;<;41.61; ;42.30;     ;     ;  ;LEDA101275        ;
Mrk266SW       ;13;38;17.2342;+;48;16;32.0232; 0.0276000;        ;  ;S2   ; ;42.20; ; 8; ;40.53; ;41.30; ;41.98;     ;     ;  ;NGC5256NED01      ;
Mrk273         ;13;44;42.0850;+;55;53;13.0236; 0.0377800;        ;  ;S2   ; ;43.05;N;19; ;41.55; ;41.67; ;42.24;0.960;     ; 3;UGC08696          ;
PKS1345+12     ;13;47;33.4116;+;12;17;24.0828; 0.1217400;        ;  ;S2   ; ;43.64;N;61;<;41.21;<;41.32; ;42.02;     ;     ;  ;4C+12.50          ;
PKS1346+26     ;13;48;52.4998;+;26;35;34.4256; 0.0632600; 285.000; 9;LIN  ; ;41.50;N;19; ;     ; ;     ; ;     ;     ;     ;  ;CGCG162-010       ;
IC4329A        ;13;49;19.2478;-;30;18;34.0812; 0.0160540;        ;  ;S1.2 ; ;43.74;N;41; ;41.19; ;41.27; ;41.80;1.580;0.400;18;ESO445-G50        ;
3C293          ;13;52;17.8126;+;31;26;46.5504; 0.0450340;        ;  ;LIN  ; ;42.26;N;35; ;     ; ;     ; ;40.07;     ;     ;  ;UGC08782          ;
NGC5347        ;13;53;17.8054;+;33;29;26.9160; 0.0077890;  35.500;29;S1h  ; ;42.40;Y;21; ;39.50;<;39.42; ;40.06;     ;     ;  ;UGC08805          ;
Mrk463E        ;13;56; 2.8855;+;18;22;18.1884; 0.0500000;        ;  ;S1h  ; ;43.18; ; 5; ;42.00; ;42.04; ;42.58;0.850;0.220;18;                  ;
Circinus       ;14;13; 9.8640;-;65;20;20.4180; 0.0014480;   4.210;31;S1h  ; ;41.90;Y;21; ;39.65;<;39.03; ;40.28;0.320;     ;12;ESO097-G13        ;
NGC5506        ;14;13;14.8757;-; 3;12;27.6984; 0.0061810;  27.200;29;S1h  ; ;43.00;N;21; ;40.70; ;40.76; ;41.30;0.640;0.170;18;Mrk1376           ;
NGC5548        ;14;17;59.5536;+;25; 8;12.6348; 0.0171750;  92.500;36;S1.5 ; ;42.80;N;21; ;40.74; ;40.60; ;41.25;     ;     ;  ;UGC09149          ;
Mrk1383        ;14;29; 6.5710;+; 1;17; 6.2196; 0.0865700;        ;  ;S1.0 ; ;44.10;N;21; ;41.17; ;41.11; ;41.71;     ;     ;  ;PG1426+015        ;
Mrk478         ;14;42; 7.4724;+;35;26;22.9236; 0.0790550;        ;  ;S1n  ; ;43.80;N;21; ;41.31; ;41.43; ;41.95;     ;     ;  ;PG1440+356        ;
NGC5728        ;14;42;23.8990;-;17;15;10.7820; 0.0093530;  39.000;21;S1.9 ; ;43.00;Y;21; ;40.60; ;40.71; ;41.32;1.480;     ; 3;MCG-03-37-005     ;
3C305          ;14;49;21.5957;+;63;16;13.9512; 0.0416390;        ;  ;S2   ; ;41.16;N;35; ;     ; ;     ; ;41.69;     ;     ;  ;IC1065            ;
IC4518A        ;14;57;41.1614;-;43; 7;55.2540; 0.0162610;        ;  ;S2   ; ;42.50;N;54; ;41.14; ;41.12; ;41.67;     ;     ;  ;MCG-07-31-001     ;
NGC5793        ;14;59;24.7471;-;16;41;36.4236; 0.0116450;        ;  ;S2   ; ;41.26;Y;22; ;39.48;<;39.90; ;40.36;     ;     ;  ;MCG-03-38-038     ;
IRAS15001+1433 ;15; 2;31.9342;+;14;21;35.3376; 0.1627460;        ;  ;S2   ; ;     ; ;  ; ;41.88; ;41.65; ;42.07;     ;     ;  ;LEDA090196        ;
3C317          ;15;16;44.4874;+; 7; 1;17.7420; 0.0344570; 147.000;29;S2   ; ;41.69;N;14; ;     ; ;     ; ;39.83;     ;     ;  ;UGC9799           ;
Mrk848B        ;15;18; 6.1210;+;42;44;44.8116; 0.0401910;        ;  ;LIN  ; ;41.13;N;19;<;40.06;<;40.44;<;40.99;     ;     ;  ;VV705             ;
IRAS15176+5216 ;15;19; 7.3690;+;52; 6; 5.8716; 0.1390630;        ;  ;S2   ; ;     ; ;  ;<;42.36; ;     ; ;42.26;     ;     ;  ;SBS1517+522       ;
Arp220         ;15;34;57.2443;+;23;30;11.4048; 0.0181260;        ;  ;S2   ; ;40.88;N;61;<;40.30;<;40.98;<;41.16;     ;     ;  ;IC4553            ;
NGC5990        ;15;46;16.3632;+; 2;24;55.5840; 0.0128060;  49.300;29;S2   ; ;     ; ;  ; ;39.61;<;39.47; ;40.63;     ;     ;  ;UGC10024          ;
IRAS15462-0450 ;15;48;56.8114;-; 4;59;33.5292; 0.0997920;        ;  ;S1n  ; ;43.05;N;62;<;40.84;<;41.39;<;41.92;     ;     ;  ;LEDA090222        ;
PKS1549-79     ;15;56;58.8979;-;79;14; 4.2180; 0.1522000;        ;  ;S1h  ; ;44.82;N;20; ;     ; ;     ; ;42.26;     ;     ;  ;IRAS15494-7905    ;
Mrk876         ;16;13;57.1718;+;65;43; 9.9444; 0.1290000;        ;  ;S1.0 ; ;44.20;N;21; ;41.65; ;41.42; ;42.43;     ;     ;  ;PG1613+658        ;
NGC6166        ;16;28;38.2543;+;39;33; 4.1436; 0.0303540; 129.000;29;S1-Q ; ;42.65;N;14; ;     ; ;     ; ;39.83;     ;     ;  ;3C338             ;
Mrk883         ;16;29;52.8703;+;24;26;38.0976; 0.0374960;        ;  ;S1.9 ; ;42.83;N;42; ;     ; ;     ; ;41.44;     ;     ;  ;VV807             ;
NGC6240        ;16;52;58.8862;+; 2;24; 3.6288; 0.0244800;        ;  ;LIN  ; ;42.44;Y;19; ;40.74;<;40.86; ;41.53;1.450;     ; 1;IC4625            ;
IRAS17208-0014 ;17;23;21.9626;-; 0;17; 0.8088; 0.0428100;        ;  ;LIN  ; ;41.25;N;19;<;40.60;<;41.10;<;40.98;     ;     ;  ;                  ;
IRAS18216+6418 ;18;21;57.2215;+;64;20;36.0708; 0.2970000;        ;  ;S1.2 ; ;45.33;N;57; ;43.08; ;43.08; ;43.78;     ;     ;  ;KUV18217+6419     ;
Fairall49      ;18;36;58.2146;-;59;24; 8.2332; 0.0200210;        ;  ;S1h  ; ;43.51;N;57; ;41.34; ;41.12; ;41.51;     ;     ;  ;IRAS18325-5926    ;
ESO103-G35     ;18;38;20.3078;-;65;25;39.2412; 0.0132860;        ;  ;S2   ; ;43.35;N;54; ;40.80; ;40.57; ;41.10;     ;     ;  ;IRAS18333-6528    ;
ESO140-G043    ;18;44;53.9914;-;62;21;52.8264; 0.0141780;  57.200;29;S1.5 ; ;42.93;N;32; ;40.44; ;40.44; ;40.96;     ;     ;  ;Fairall51         ;
NGC6786        ;19;10;53.9232;+;73;24;36.6444; 0.0250170;        ;  ;S2   ; ;     ; ;  ;<;40.00; ;     ; ;40.03;     ;     ;  ;VV414E            ;
ESO141-G55     ;19;21;14.1430;-;58;40;12.9828; 0.0371090;        ;  ;S1.2 ; ;44.04;N;57; ;40.82; ;40.68; ;41.33;     ;     ;  ;AM1916-584        ;
IRAS19254-7245 ;19;31;21.4243;-;72;39;21.4848; 0.0617090;        ;  ;S1h  ; ;44.50;Y;21; ;41.37;<;41.13; ;41.73;     ;     ;  ;Superantennae     ;
ESO339-G11     ;19;57;37.5576;-;37;56; 8.3112; 0.0191990;  77.600;29;S2   ; ;     ; ;  ; ;41.25; ;41.09; ;41.50;     ;     ;  ;MCG-06-43-014     ;
3C405          ;19;59;28.3490;+;40;44; 2.0616; 0.0560750;        ;  ;S1.9 ; ;44.09;N;56; ;42.15; ;42.23; ;42.73;0.670;0.030;17;Cygnus A          ;
IRAS20037-1547 ;20; 6;31.8302;-;15;39; 6.8184; 0.1918990;        ;  ;S1   ; ;     ; ;  ;<;41.57;<;41.77;<;41.72;     ;     ;  ;LEDA165836        ;
NGC6860        ;20; 8;46.8727;-;61; 5;59.7336; 0.0148840;        ;  ;S1.5 ; ;43.04;N;71; ;40.12; ;40.04; ;40.74;     ;     ;  ;ESO143-G09        ;
MCG+04-48-002  ;20;28;35.0647;+;25;43;59.9340; 0.0139100;        ;  ;S1   ; ;42.84;N;48; ;40.06; ;     ; ;40.29;     ;     ;  ;IRAS20264+2533    ;
NGC6926        ;20;33; 6.1092;-; 2; 1;38.4960; 0.0196130;        ;  ;S2   ; ;40.76;Y;22; ;40.04; ;40.01; ;40.57;     ;     ;  ;UGC11588          ;
Mrk509         ;20;44; 9.7555;-;10;43;24.6864; 0.0343970; 105.000;36;S1.5 ; ;42.90;N;21; ;40.80; ;40.95; ;41.56;     ;     ;  ;IRAS20414-1054    ;
PKS2048-57     ;20;52; 2.3414;-;57; 4; 7.4928; 0.0113480;        ;  ;S1h  ; ;41.97;N; 3; ;40.88; ;40.77; ;41.46;     ;     ;  ;IC5063            ;
3C433          ;21;23;44.5898;+;25; 4;27.6420; 0.1016000;        ;  ;S2   ; ;43.92;N;39; ;41.29; ;41.34; ;42.23;1.860;     ; 3;4C+24.54          ;
IC5135         ;21;48;19.5166;-;34;57; 4.6728; 0.0161510;        ;  ;S1.9 ; ;40.84;Y;19; ;40.69; ;40.45; ;41.03;0.780;0.200;18;NGC7130           ;
NGC7172        ;22; 2; 1.8792;-;31;52;10.7796; 0.0086830;  33.900;30;S2   ; ;42.70;Y;21; ;40.15; ;40.28; ;40.80;     ;     ;  ;ESO466-G38        ;
IRAS22017+0319 ;22; 4;19.1628;+; 3;33;51.1164; 0.0611000;        ;  ;S1h  ; ;43.45;N;13; ;41.84; ;41.89; ;42.38;     ;     ;  ;                  ;
NGC7213        ;22; 9;16.2394;-;47; 9;59.9508; 0.0058390;  22.000;30;LINb ; ;42.20;N;21;<;39.03;<;39.66;<;39.89;     ;     ;  ;ESO288-G43        ;
3C445          ;22;23;49.5487;-; 2; 6;12.8880; 0.0558790;        ;  ;S1.5 ; ;44.41;N;57; ;41.13; ;41.60; ;42.19;     ;     ;  ;PKS2221-02        ;
ESO602-G25     ;22;31;25.4808;-;19; 2; 4.2540; 0.0250410;  94.200;29;LIN  ; ;     ; ;  ; ;40.38; ;40.56; ;40.97;     ;     ;  ;MCG-03-57-017     ;
NGC7314        ;22;35;46.2106;-;26; 3; 1.5840; 0.0047630;  17.100;29;S1h  ; ;42.30;N;21; ;40.77; ;39.88; ;40.37;0.240;0.070;18;ESO533-G53        ;
UGC12138       ;22;40;17.0690;+; 8; 3;13.4964; 0.0249740;        ;  ;S1.8 ; ;43.05;N; 6; ;40.90; ;     ; ;41.16;     ;     ;  ;CGCG404-028       ;
NGC7469        ;23; 3;15.6154;+; 8;52;25.8888; 0.0163170;  66.400; 7;S1.5 ; ;43.32;N;57; ;40.91; ;40.66; ;41.25;1.280;     ; 7;MCG+01-58-025     ;
IRAS23060+0505 ;23; 8;33.9571;+; 5;21;29.7576; 0.1730000;        ;  ;S1h  ; ;44.28;N; 7; ;42.19;<;41.83; ;42.44;     ;     ;  ;                  ;
IC5298         ;23;16; 0.6881;+;25;33;23.9472; 0.0274220;        ;  ;S2   ; ;     ; ;  ; ;41.11;<;40.51; ;41.19;     ;     ;  ;MCG+04-54-038     ;
NGC7591        ;23;18;16.2811;+; 6;35; 8.9196; 0.0165312;  64.100;29;LIN  ; ;39.51; ;63;<;39.48;<;39.57;<;39.42;1.050;0.020;13;UGC12486          ;
NGC7592W       ;23;18;21.7963;-; 4;24;57.0528; 0.0241830;        ;  ;S2   ; ;     ; ;  ; ;40.24; ;     ; ;40.89;     ;     ;  ;MCG-01-59-017NED01;
NGC7582        ;23;18;23.6107;-;42;22;13.6020; 0.0052540;  23.000;28;S1h  ; ;42.60;Y;21; ;40.39; ;40.60; ;41.22;1.950;0.070;16;ESO291-G16        ;
NGC7603        ;23;18;56.6530;+; 0;14;37.8600; 0.0295240;        ;  ;S1.5 ; ;43.54;N;32; ;39.94;<;40.23; ;40.81;     ;     ;  ;UGC12493          ;
PKS2322-12     ;23;25;19.7160;-;12; 7;27.0048; 0.0829910;        ;  ;LIN  ;<;41.50; ;21; ;     ; ;     ; ;     ;     ;     ;  ;Abell 2597        ;
NGC7674        ;23;27;56.7070;+; 8;46;44.3856; 0.0289240; 117.000;35;S1h  ; ;42.06;Y; 4; ;41.46; ;41.40; ;41.88;0.740;     ; 6;UGC12608          ;
NGC7679        ;23;28;46.6524;+; 3;30;41.0760; 0.0171390;  62.400;28;S1.9 ; ;41.65;N;48; ;40.19; ;     ; ;41.20;     ;     ;  ;Mrk534            ;
IRAS23365+3604 ;23;39; 1.2696;+;36;21; 8.5896; 0.0644800;        ;  ;LIN  ; ;41.54;N;60;<;40.87;<;40.70;<;41.27;     ;     ;  ;                  ;
NGC253         ; 0;47;33.0727;-;25;17;18.9960; 0.0008110;   3.660;11;HII  ; ;39.96;N;43;<;38.52;<;39.07; ;39.39;0.720;0.300;13;Sculptor          ;
M74            ; 1;36;41.7384;+;15;47; 0.8592; 0.0021920;   9.460;23;HII  ; ;38.12; ;26;<;37.21;<;37.69;<;37.14;0.460;8.000;  ;NGC628            ;
NGC891         ; 2;22;32.8464;+;42;20;52.6740; 0.0017610;  10.800;31;HII  ; ;40.46; ;67;<;36.75;<;37.94;<;38.16;1.600;6.000;  ;UGC01831          ;
NGC1222        ; 3; 8;56.7413;-; 2;57;18.5688; 0.0080790;  31.000;30;HII  ; ;     ; ;  ;<;38.82;<;38.95; ;40.06;0.750;6.000;  ;Mrk603            ;
IC342          ; 3;46;48.4764;+;68; 5;46.8924; 0.0001030;   3.280;24;HII  ; ;39.00;N;21;<;37.49;<;37.80;<;38.00;1.400;0.100;13;UGC02847          ;
NGC1614        ; 4;34; 0.0278;-; 8;34;44.9940; 0.0159380;        ;  ;HII  ; ;41.30;N;21;<;39.72;<;40.24; ;40.66;1.000;0.260; 4;Mrk617            ;
NGC1808        ; 5; 7;42.3377;-;37;30;45.9216; 0.0033190;  12.300;31;HII  ; ;39.70;N;21;<;38.22;<;39.18;<;39.24;2.570;6.000;  ;ESO305-G08        ;
NGC2146        ; 6;18;37.7933;+;78;21;24.6024; 0.0029790;  18.000; 1;HII  ; ;39.00;N;21;<;39.04;<;39.16; ;39.87;0.980;0.250; 4;UGC03429          ;
NGC2903        ; 9;32;10.0855;+;21;30; 1.8828; 0.0018340;   8.550;31;HII  ; ;39.90;N;21;<;37.86;<;37.91;<;38.17;1.300;0.100;13;UGC05079          ;
M82            ; 9;55;52.1724;+;69;40;47.6148; 0.0006770;   3.270; 6;HII  ; ;39.92; ; 8;<;37.06;<;38.27; ;38.77;2.750;0.060;11;NGC3034           ;
NGC3184        ;10;18;16.9380;+;41;25;27.4008; 0.0019750;  14.400; 4;HII  ; ;38.00;N;21;<;37.39;<;37.70; ;38.09;0.930;0.040;13;UGC05557          ;
NGC3198        ;10;19;55.0022;+;45;32;59.3376; 0.0022020;  14.500; 4;HII  ; ;38.20;N;21;<;36.88;<;37.60; ;38.05;0.810;0.080;13;UGC05572          ;
NGC3256        ;10;27;51.2376;-;43;54;13.9176; 0.0093540;  37.400;30;HII  ; ;40.80;N;21;<;39.56;<;39.81; ;40.31;1.100;0.280; 4;ESO263-IG38       ;
M95            ;10;43;57.7049;+;11;42;13.2192; 0.0025950;  10.000; 4;HII  ;<;37.29; ;12;<;37.19;<;37.22; ;38.75;1.350;0.030;13;NGC3351           ;
NGC3938        ;11;52;49.4218;+;44; 7;14.6316; 0.0026990;  21.900;23;HII  ; ;     ; ;  ;<;37.71;<;37.90;<;38.22;1.300;0.200;13;UGC06856          ;
NGC4536        ;12;34;27.0715;+; 2;11;17.4768; 0.0060310;  15.500; 4;HII  ; ;39.58;N;37;<;37.24;<;37.57; ;38.69;2.200;0.300;11;UGC07732          ;
NGC4559        ;12;35;57.6502;+;27;57;35.9064; 0.0026920;        ;  ;HII  ; ;39.77;N; 8;<;37.03;<;37.18;<;38.54;0.690;0.050;13;UGC07766          ;
NGC4631        ;12;42; 7.7616;+;32;32;34.6308; 0.0020210;   7.400;20;HII  ; ;38.45;N; 8;<;36.66;<;37.25;<;37.98;0.500;0.070;13;UGC07865          ;
M83            ;13;37; 0.8647;-;29;51;55.9152; 0.0017110;   4.610;25;HII  ; ;38.61;N; 8;<;37.19;<;37.48; ;38.16;1.230;0.030;13;NGC5236           ;
NGC6946        ;20;34;52.3058;+;60; 9;13.8636; 0.0001330;   5.570;23;HII  ; ;39.58;N;52;<;36.80;<;37.34; ;38.17;1.100;0.200;13;UGC11597          ;
HS0017+1055    ; 0;20;21.4000;+;11;12;21.0000; 0.0188460;        ;  ;Dwarf; ;     ; ;  ; ;     ; ;     ; ;     ;0.090;0.020;10;                  ;
Haro11         ; 0;36;52.4544;-;33;33;16.7652; 0.0205980;        ;  ;Dwarf; ;40.98;N;23;<;39.67; ;     ; ;40.59;0.470;0.010;10;                  ;
HS0052+2536    ; 0;54;56.3647;+;25;53; 8.0052; 0.0453850;        ;  ;Dwarf; ;     ; ;  ;<;40.52; ;     ;<;40.14;0.240;0.140;10;                  ;
UM311          ; 1;15;34.4030;-; 0;51;46.0600; 0.0055860;        ;  ;Dwarf; ;     ; ;  ;<;38.21; ;     ; ;38.61;0.480;0.010;10;                  ;
NGC625         ; 1;35; 5.1598;-;41;26; 8.8080; 0.0013210;   3.520;32;Dwarf; ;     ; ;  ;<;37.67; ;     ;<;36.76;0.340;0.020;10;                  ;
UM133          ; 1;44;41.2800;+; 4;53;26.0000; 0.0054140;        ;  ;Dwarf; ;     ; ;  ; ;     ; ;     ; ;     ;0.135;0.003;10;                  ;
NGC1140        ; 2;54;33.5323;-;10; 1;42.1176; 0.0050070;  18.000;32;Dwarf; ;     ; ;  ;<;38.59; ;     ; ;38.89;0.490;0.010;10;                  ;
SBS0335-052    ; 3;37;44.0610;-; 5; 2;40.1900; 0.0135190;        ;  ;Dwarf; ;38.98; ;65;<;38.79; ;     ; ;39.29;0.036;0.001;10;                  ;
NGC1569        ; 4;30;49.0253;+;64;50;52.8792;-0.0003470;   3.250;32;Dwarf;<;38.40; ;38;<;37.01; ;     ; ;38.61;0.210;0.010;10;                  ;
NGC1705        ; 4;54;13.4513;-;53;21;39.3660; 0.0021120;   5.510;32;Dwarf; ;     ; ;  ; ;     ; ;     ; ;     ;0.400;0.100;10;                  ;
Mrk1089        ; 5; 1;37.8036;-; 4;15;28.8576; 0.0134060;        ;  ;Dwarf; ;     ; ;  ;3; 9.90; ;     ;<;39.70;0.320;0.080;10;                  ;
IIZw40         ; 5;55;42.6259;+; 3;23;31.7076; 0.0026320;  10.300;30;Dwarf; ;     ; ;  ;<;37.98; ;     ; ;39.00;0.347;0.008;10;                  ;
NGC2366        ; 7;28;55.5545;+;69;13; 4.6992; 0.0002670;   3.340;32;Dwarf; ;     ; ;  ; ;     ; ;     ; ;     ;0.102;0.002;10;                  ;
HS0822+3542    ; 8;25;55.5220;+;35;32;31.9600; 0.0024250;  11.000;19;Dwarf;<;38.21; ;30;<;37.17; ;     ; ;     ;0.043;0.003;10;                  ;
He2-10         ; 8;36;15.1795;-;26;24;33.7608; 0.0029120;   8.230;32;Dwarf; ;38.67; ;31;<;38.23; ;     ; ;38.81;0.550;0.010;10;                  ;
UGC4483        ; 8;37; 3.0000;+;69;46;31.0000; 0.0005190;   3.530;32;Dwarf;<;37.43; ;30; ;     ; ;     ; ;     ;0.059;0.003;10;                  ;
IZw18          ; 9;34; 2.0270;+;55;14;27.2868; 0.0025050;  18.200;15;Dwarf; ;39.42;N;30;<;38.20; ;     ;<;38.21;0.028;0.001;10;                  ;
Haro2          ;10;32;31.8869;+;54;24; 3.3840; 0.0047690;  24.900;30;Dwarf; ;     ; ;  ; ;     ; ;     ; ;     ;0.350;0.020;10;                  ;
Haro3          ;10;45;22.3898;+;55;57;37.6164; 0.0031490;  20.400;29;Dwarf; ;     ; ;  ;<;38.86; ;     ; ;38.95;0.390;0.010;10;                  ;
Mrk153         ;10;49; 5.0186;+;52;20; 7.6848; 0.0079700;  36.300;30;Dwarf; ;     ; ;  ;<;38.74; ;     ; ;38.91;0.150;0.010;10;                  ;
VIIZw403       ;11;27;59.9000;+;78;59;39.0000;-0.0003450;   4.540;32;Dwarf; ;38.59;N;30;<;37.10; ;     ;<;36.64;0.093;0.002;10;                  ;
Mrk1450        ;11;38;35.6842;+;57;52;27.0876; 0.0031560;        ;  ;Dwarf; ;     ; ;  ;<;37.32; ;     ; ;38.22;0.141;0.003;10;                  ;
UM448          ;11;42;12.2162;+; 0;20; 3.9192; 0.0185590;        ;  ;Dwarf; ;     ; ;  ;<;39.61; ;     ; ;40.34;0.430;0.010;10;                  ;
UM461          ;11;51;33.3490;-; 2;22;21.9200; 0.0034650;        ;  ;Dwarf;<;37.57; ;30;<;37.24; ;     ; ;37.83;0.110;0.003;10;                  ;
SBS1159+545    ;12; 2; 2.3700;+;54;15;49.6000; 0.0119820;        ;  ;Dwarf; ;     ; ;  ;<;39.03; ;     ;<;38.84;0.056;0.001;10;                  ;
SBS1211+540    ;12;14; 2.4770;+;53;45;17.4300; 0.0030250;        ;  ;Dwarf; ;     ; ;  ;<;37.71; ;     ;<;37.57;0.078;0.002;10;                  ;
NGC4214        ;12;15;39.2578;+;36;19;36.9228; 0.0009700;   2.930;32;Dwarf; ;38.04;N; 8; ;     ; ;     ; ;     ;0.372;0.009;10;                  ;
Tol1214-277    ;12;17;17.0930;-;28; 2;32.6700; 0.0260010;        ;  ;Dwarf; ;     ; ;  ;<;39.03; ;     ; ;39.89;0.068;0.002;10;                  ;
HS1222+3741    ;12;24;36.7180;+;37;24;36.5500; 0.0409000;        ;  ;Dwarf; ;     ; ;  ;<;40.16; ;     ;<;40.45;0.126;0.003;10;                  ;
Mrk209         ;12;26;15.7130;+;48;29;38.7564; 0.0009370;   5.900;15;Dwarf;<;37.85; ;30;<;36.89; ;     ; ;37.74;0.112;0.003;10;                  ;
HS1236+3937    ;12;39;20.1810;+;39;21; 4.5200; 0.0184000;        ;  ;Dwarf; ;     ; ;  ; ;     ; ;     ; ;     ;0.110;0.030;10;                  ;
SBS1249+493    ;12;51;52.4970;+;49; 3;27.6600; 0.0243370;        ;  ;Dwarf; ;     ; ;  ;<;40.40; ;     ;<;39.75;0.098;0.005;10;                  ;
NGC4861        ;12;59; 2.3400;+;34;51;34.0000; 0.0027850;   9.950;32;Dwarf; ;     ; ;  ; ;     ; ;     ; ;     ;0.158;0.004;10;                  ;
HS1304+3529    ;13; 6;24.2450;+;35;13;42.6972; 0.0165000;        ;  ;Dwarf; ;     ; ;  ;<;39.53; ;     ;<;39.54;0.170;0.050;10;                  ;
HS1319+3224    ;13;21;19.7080;+;32; 8;25.1400; 0.0182000;        ;  ;Dwarf; ;     ; ;  ;<;39.57; ;     ;<;38.96;0.130;0.030;10;                  ;
Pox186         ;13;25;48.6640;-;11;36;37.7800; 0.0039030;        ;  ;Dwarf; ;     ; ;  ;<;37.86; ;     ;<;37.05;0.102;0.002;10;                  ;
HS1330+3651    ;13;33; 8.2800;+;36;36;33.1000; 0.0167000;        ;  ;Dwarf; ;     ; ;  ;<;39.97; ;     ;<;39.43;0.200;0.050;10;                  ;
NGC5253        ;13;39;55.9673;-;31;38;24.3276; 0.0013580;   3.550;32;Dwarf; ;37.02; ; 8; ;     ; ;     ; ;     ;0.360;0.020;10;                  ;
SBS1415+437    ;14;17; 1.4080;+;43;30; 5.4700; 0.0020310;  13.600;15;Dwarf;<;38.51; ; 9;<;37.41; ;     ; ;38.16;0.072;0.002;10;                  ;
HS1442+4250    ;14;44;12.8070;+;42;37;44.0100; 0.0021100;        ;  ;Dwarf;<;37.96; ;30;<;36.59; ;     ; ;37.33;0.081;0.002;10;                  ;
SBS1533+574    ;15;34;13.3061;+;57;17; 7.3608; 0.0110410;        ;  ;Dwarf; ;     ; ;  ;<;39.29; ;     ;<;39.38;0.229;0.005;10;                  ;
Mrk930         ;23;31;58.5967;+;28;56;49.7940; 0.0182960;        ;  ;Dwarf; ;40.06; ;55;<;39.36; ;     ; ;39.92;0.219;0.005;10;                  ;
HS2352+2733    ;23;54;56.7000;+;27;49;59.0000; 0.0276360;        ;  ;Dwarf; ;     ; ;  ; ;     ; ;     ; ;     ;0.500;0.300;10;                  ;
3C33           ; 1; 8;52.8818;+;13;20;14.1684; 0.0597000;        ;  ;S1h  ; ;43.86;N;64; ;41.20; ;41.10; ;41.80;0.890;     ; 3;4C+13.07          ;
PG1114+445     ;11;17; 6.3950;+;44;13;33.2076; 0.1438620;        ;  ;S1.0 ; ;43.95;N;51; ;     ;<;41.94; ;42.04;     ;     ;  ;                  ;
ESO506-G27     ;12;38;54.5820;-;27;18;28.1376; 0.0250240;        ;  ;S2   ; ;43.06;N;70; ;     ; ;     ; ;40.70;     ;     ;  ;AM1236-270        ;
IRAS12514+1027 ;12;54; 0.8126;+;10;11;12.3936; 0.3190000;        ;  ;S2   ; ;44.26;Y;69; ;42.78; ;42.71; ;42.92;     ;     ;  ;LEDA2816846       ;
NGC5353        ;13;53;26.7082;+;40;16;59.1060; 0.0077550;  35.700;29;LIN  ;<;38.09; ;26; ;     ; ;     ; ;37.93;     ;     ;  ;UGC08813          ;
3C315          ;15;13;40.0082;+;26; 7;23.8260; 0.1083000;        ;  ;S2   ; ;41.45;N;35; ;     ; ;     ; ;40.82;     ;     ;  ;4C+26.47          ;
PG1700+518     ;17; 1;24.8242;+;51;49;20.4168; 0.2920000;1360.000;34;S1.0 ; ;43.11; ; 2; ;42.50;<;41.98; ;42.57;     ;     ;  ;IRAS17002+5153    ;
3C424          ;20;48;12.0300;+; 7; 1;17.4800; 0.1269880;  45.900;29;S2   ; ;42.44;N;36; ;     ; ;     ; ;40.85;     ;     ;  ;LEDA2817726       ;